{
  "threshold": {
    "accuracy": 0.9395017793594306,
    "auroc": 0.7963627957983463,
    "f1_score": 0.6838229288650888,
    "unknown_detection_rate": 0.09063444108761329,
    "confusion_matrix_labels": [
      -1,
      0,
      1,
      2,
      5
    ],
    "confusion_matrix_names": [
      "Unknown",
      "ABBR",
      "DESC",
      "ENTY",
      "NUM"
    ]
  },
  "openmax": {
    "accuracy": 0.8736654804270463,
    "auroc": 0.7198933459483288,
    "f1_score": 0.689292637344793,
    "unknown_detection_rate": 0.33534743202416917,
    "confusion_matrix_labels": [
      -1,
      0,
      1,
      2,
      5
    ],
    "confusion_matrix_names": [
      "Unknown",
      "ABBR",
      "DESC",
      "ENTY",
      "NUM"
    ]
  },
  "crosr": {
    "accuracy": 0.9519572953736655,
    "auroc": 0.6674156820161057,
    "f1_score": 0.6346782318531867,
    "unknown_detection_rate": 0.0,
    "confusion_matrix_labels": [
      -1,
      0,
      1,
      2,
      5
    ],
    "confusion_matrix_names": [
      "Unknown",
      "ABBR",
      "DESC",
      "ENTY",
      "NUM"
    ]
  },
  "doc": {
    "accuracy": 0.9110320284697508,
    "auroc": 0.7600875165303027,
    "f1_score": 0.7216621346673456,
    "unknown_detection_rate": 0.18429003021148035,
    "confusion_matrix_labels": [
      -1,
      0,
      1,
      2,
      5
    ],
    "confusion_matrix_names": [
      "Unknown",
      "ABBR",
      "DESC",
      "ENTY",
      "NUM"
    ]
  },
  "adb": {
    "accuracy": 0.0,
    "auroc": 0.5281767747900786,
    "f1_score": 0.10816993464052287,
    "unknown_detection_rate": 1.0,
    "confusion_matrix_labels": [
      -1,
      0,
      1,
      2,
      5
    ],
    "confusion_matrix_names": [
      "Unknown",
      "ABBR",
      "DESC",
      "ENTY",
      "NUM"
    ]
  }
}