{
  "threshold": {
    "accuracy": 0.9844357976653697,
    "auroc": 0.9930769619485573,
    "f1_score": 0.8473089315328121,
    "unknown_detection_rate": 0.42857142857142855,
    "confusion_matrix_labels": [
      -1,
      0,
      1,
      2,
      4
    ],
    "confusion_matrix_names": [
      "Unknown",
      "business",
      "entertainment",
      "politics",
      "tech"
    ]
  },
  "openmax": {
    "accuracy": 0.9494163424124513,
    "auroc": 0.959927232300773,
    "f1_score": 0.9637129009299621,
    "unknown_detection_rate": 1.0,
    "confusion_matrix_labels": [
      -1,
      0,
      1,
      2,
      4
    ],
    "confusion_matrix_names": [
      "Unknown",
      "business",
      "entertainment",
      "politics",
      "tech"
    ]
  },
  "crosr": {
    "accuracy": 0.8871595330739299,
    "auroc": 0.99524988630047,
    "f1_score": 0.9075694301987447,
    "unknown_detection_rate": 0.987012987012987,
    "confusion_matrix_labels": [
      -1,
      0,
      1,
      2,
      4
    ],
    "confusion_matrix_names": [
      "Unknown",
      "business",
      "entertainment",
      "politics",
      "tech"
    ]
  },
  "doc": {
    "accuracy": 0.9610894941634242,
    "auroc": 0.9965132144120471,
    "f1_score": 0.9722771144676242,
    "unknown_detection_rate": 1.0,
    "confusion_matrix_labels": [
      -1,
      0,
      1,
      2,
      4
    ],
    "confusion_matrix_names": [
      "Unknown",
      "business",
      "entertainment",
      "politics",
      "tech"
    ]
  },
  "adb": {
    "accuracy": 0.9221789883268483,
    "auroc": 0.996412148163121,
    "f1_score": 0.944149824138982,
    "unknown_detection_rate": 1.0,
    "confusion_matrix_labels": [
      -1,
      0,
      1,
      2,
      4
    ],
    "confusion_matrix_names": [
      "Unknown",
      "business",
      "entertainment",
      "politics",
      "tech"
    ]
  }
}