{
  "threshold": {
    "accuracy": 0.896797153024911,
    "auroc": 0.8071572179634667,
    "f1_score": 0.6799963770858924,
    "unknown_detection_rate": 0.2628398791540785,
    "confusion_matrix_labels": [
      -1,
      0,
      1,
      2,
      5
    ],
    "confusion_matrix_names": [
      "Unknown",
      "ABBR",
      "DESC",
      "ENTY",
      "NUM"
    ]
  },
  "openmax": {
    "accuracy": 0.8469750889679716,
    "auroc": 0.7521529711539496,
    "f1_score": 0.6392276857081269,
    "unknown_detection_rate": 0.311178247734139,
    "confusion_matrix_labels": [
      -1,
      0,
      1,
      2,
      5
    ],
    "confusion_matrix_names": [
      "Unknown",
      "ABBR",
      "DESC",
      "ENTY",
      "NUM"
    ]
  },
  "crosr": {
    "accuracy": 0.9448398576512456,
    "auroc": 0.42174043930287813,
    "f1_score": 0.5891240610450098,
    "unknown_detection_rate": 0.0,
    "confusion_matrix_labels": [
      -1,
      0,
      1,
      2,
      5
    ],
    "confusion_matrix_names": [
      "Unknown",
      "ABBR",
      "DESC",
      "ENTY",
      "NUM"
    ]
  },
  "doc": {
    "accuracy": 0.9377224199288257,
    "auroc": 0.7253389384051349,
    "f1_score": 0.7404136421136946,
    "unknown_detection_rate": 0.20241691842900303,
    "confusion_matrix_labels": [
      -1,
      0,
      1,
      2,
      5
    ],
    "confusion_matrix_names": [
      "Unknown",
      "ABBR",
      "DESC",
      "ENTY",
      "NUM"
    ]
  },
  "adb": {
    "accuracy": 0.0,
    "auroc": 0.4864344002322306,
    "f1_score": 0.10816993464052287,
    "unknown_detection_rate": 1.0,
    "confusion_matrix_labels": [
      -1,
      0,
      1,
      2,
      5
    ],
    "confusion_matrix_names": [
      "Unknown",
      "ABBR",
      "DESC",
      "ENTY",
      "NUM"
    ]
  }
}